filename,species
train\amla\1.jpg,amla
train\amla\2.jpg,amla
train\amla\3.jpeg,amla
train\amla\4.jpg,amla
train\amla\5.jpg,amla
train\amla\7.jpg,amla
train\amla\download (1).jpeg,amla
train\amla\download (2).jpeg,amla
train\amla\download.jpeg,amla
train\amla\images (1).jpeg,amla
train\amla\images (10).jpeg,amla
train\amla\images (11).jpeg,amla
train\amla\images (12).jpeg,amla
train\amla\images (13).jpeg,amla
train\amla\images (14).jpeg,amla
train\amla\images (15).jpeg,amla
train\amla\images (16).jpeg,amla
train\amla\images (17).jpeg,amla
train\amla\images (18).jpeg,amla
train\amla\images (19).jpeg,amla
train\amla\images (2).jpeg,amla
train\amla\images (20).jpeg,amla
train\amla\images (21).jpeg,amla
train\amla\images (22).jpeg,amla
train\amla\images (23).jpeg,amla
train\amla\images (24).jpeg,amla
train\amla\images (25).jpeg,amla
train\amla\images (26).jpeg,amla
train\amla\images (27).jpeg,amla
train\amla\images (28).jpeg,amla
train\amla\images (29).jpeg,amla
train\amla\images (3).jpeg,amla
train\amla\images (30).jpeg,amla
train\amla\images (31).jpeg,amla
train\amla\images (33).jpeg,amla
train\amla\images (34).jpeg,amla
train\amla\images (35).jpeg,amla
train\amla\images (36).jpeg,amla
train\amla\images (37).jpeg,amla
train\amla\images (38).jpeg,amla
train\amla\images (39).jpeg,amla
train\amla\images (5).jpeg,amla
train\amla\images (6).jpeg,amla
train\amla\images (8).jpeg,amla
train\amla\images (9).jpeg,amla
train\asopalav\1.jpg,asopalav
train\asopalav\2.jpg,asopalav
train\asopalav\3.jpg,asopalav
train\asopalav\4.jpg,asopalav
train\asopalav\download (1).jpeg,asopalav
train\asopalav\download (2).jpeg,asopalav
train\asopalav\download (3).jpeg,asopalav
train\asopalav\download (4).jpeg,asopalav
train\asopalav\download.jpeg,asopalav
train\asopalav\images (1).jpeg,asopalav
train\asopalav\images (10).jpeg,asopalav
train\asopalav\images (11).jpeg,asopalav
train\asopalav\images (12).jpeg,asopalav
train\asopalav\images (13).jpeg,asopalav
train\asopalav\images (14).jpeg,asopalav
train\asopalav\images (15).jpeg,asopalav
train\asopalav\images (16).jpeg,asopalav
train\asopalav\images (17).jpeg,asopalav
train\asopalav\images (18).jpeg,asopalav
train\asopalav\images (19).jpeg,asopalav
train\asopalav\images (2).jpeg,asopalav
train\asopalav\images (20).jpeg,asopalav
train\asopalav\images (21).jpeg,asopalav
train\asopalav\images (22).jpeg,asopalav
train\asopalav\images (23).jpeg,asopalav
train\asopalav\images (24).jpeg,asopalav
train\asopalav\images (25).jpeg,asopalav
train\asopalav\images (26).jpeg,asopalav
train\asopalav\images (27).jpeg,asopalav
train\asopalav\images (28).jpeg,asopalav
train\asopalav\images (29).jpeg,asopalav
train\asopalav\images (30).jpeg,asopalav
train\asopalav\images (31).jpeg,asopalav
train\asopalav\images (32).jpeg,asopalav
train\asopalav\images (33).jpeg,asopalav
train\asopalav\images (34).jpeg,asopalav
train\asopalav\images (35).jpeg,asopalav
train\asopalav\images (36).jpeg,asopalav
train\asopalav\images (38).jpeg,asopalav
train\asopalav\images (39).jpeg,asopalav
train\asopalav\images (4).jpeg,asopalav
train\asopalav\images (40).jpeg,asopalav
train\asopalav\images (5).jpeg,asopalav
train\asopalav\images (6).jpeg,asopalav
train\asopalav\images (8).jpeg,asopalav
train\asopalav\images (9).jpeg,asopalav
train\asopalav\images.jpeg,asopalav
train\babul\1.jpg,babul
train\babul\2.jpg,babul
train\babul\3.jpeg,babul
train\babul\4.jpg,babul
train\babul\5.jpg,babul
train\babul\6.jpg,babul
train\babul\7.jpeg,babul
train\babul\8.jpg,babul
train\babul\9.jpg,babul
train\babul\babool (1).jpg,babul
train\babul\download (1).jpeg,babul
train\babul\download (2).jpeg,babul
train\babul\download.jpeg,babul
train\babul\images (1).jpeg,babul
train\babul\images (10).jpeg,babul
train\babul\images (11).jpeg,babul
train\babul\images (12).jpeg,babul
train\babul\images (13).jpeg,babul
train\babul\images (14).jpeg,babul
train\babul\images (15).jpeg,babul
train\babul\images (16).jpeg,babul
train\babul\images (17).jpeg,babul
train\babul\images (18).jpeg,babul
train\babul\images (19).jpeg,babul
train\babul\images (2).jpeg,babul
train\babul\images (20).jpeg,babul
train\babul\images (21).jpeg,babul
train\babul\images (22).jpeg,babul
train\babul\images (23).jpeg,babul
train\babul\images (24).jpeg,babul
train\babul\images (25).jpeg,babul
train\babul\images (26).jpeg,babul
train\babul\images (27).jpeg,babul
train\babul\images (28).jpeg,babul
train\babul\images (29).jpeg,babul
train\babul\images (3).jpeg,babul
train\babul\images (30).jpeg,babul
train\babul\images (31).jpeg,babul
train\babul\images (32).jpeg,babul
train\babul\images (4).jpeg,babul
train\babul\images (5).jpeg,babul
train\babul\images (6).jpeg,babul
train\babul\images (7).jpeg,babul
train\babul\images (8).jpeg,babul
train\babul\images (9).jpeg,babul
train\babul\images.jpeg,babul
train\babul\large.jpg,babul
train\babul\unnamed (1).jpg,babul
train\babul\unnamed (2).jpg,babul
train\babul\unnamed.jpg,babul
train\bamboo\download (1).jpeg,bamboo
train\bamboo\download (10).jpeg,bamboo
train\bamboo\download (11).jpeg,bamboo
train\bamboo\download (12).jpeg,bamboo
train\bamboo\download (13).jpeg,bamboo
train\bamboo\download (14).jpeg,bamboo
train\bamboo\download (15).jpeg,bamboo
train\bamboo\download (16).jpeg,bamboo
train\bamboo\download (17).jpeg,bamboo
train\bamboo\download (2).jpeg,bamboo
train\bamboo\download (3).jpeg,bamboo
train\bamboo\download (4).jpeg,bamboo
train\bamboo\download (5).jpeg,bamboo
train\bamboo\download (6).jpeg,bamboo
train\bamboo\download (7).jpeg,bamboo
train\bamboo\download (8).jpeg,bamboo
train\bamboo\download (9).jpeg,bamboo
train\bamboo\download.jpeg,bamboo
train\bamboo\images (1).jpeg,bamboo
train\bamboo\images (10).jpeg,bamboo
train\bamboo\images (11).jpeg,bamboo
train\bamboo\images (12).jpeg,bamboo
train\bamboo\images (13).jpeg,bamboo
train\bamboo\images (14).jpeg,bamboo
train\bamboo\images (15).jpeg,bamboo
train\bamboo\images (16).jpeg,bamboo
train\bamboo\images (17).jpeg,bamboo
train\bamboo\images (18).jpeg,bamboo
train\bamboo\images (19).jpeg,bamboo
train\bamboo\images (2).jpeg,bamboo
train\bamboo\images (20).jpeg,bamboo
train\bamboo\images (21).jpeg,bamboo
train\bamboo\images (22).jpeg,bamboo
train\bamboo\images (23).jpeg,bamboo
train\bamboo\images (24).jpeg,bamboo
train\bamboo\images (25).jpeg,bamboo
train\bamboo\images (26).jpeg,bamboo
train\bamboo\images (27).jpeg,bamboo
train\bamboo\images (28).jpeg,bamboo
train\bamboo\images (29).jpeg,bamboo
train\bamboo\images (3).jpeg,bamboo
train\bamboo\images (30).jpeg,bamboo
train\bamboo\images (31).jpeg,bamboo
train\bamboo\images (4).jpeg,bamboo
train\bamboo\images (5).jpeg,bamboo
train\bamboo\images (6).jpeg,bamboo
train\bamboo\images (7).jpeg,bamboo
train\bamboo\images (8).jpeg,bamboo
train\bamboo\images (9).jpeg,bamboo
train\bamboo\images.jpeg,bamboo
train\banyan\download (1).jpeg,banyan
train\banyan\download (10).jpeg,banyan
train\banyan\download (11).jpeg,banyan
train\banyan\download (12).jpeg,banyan
train\banyan\download (13).jpeg,banyan
train\banyan\download (14).jpeg,banyan
train\banyan\download (15).jpeg,banyan
train\banyan\download (16).jpeg,banyan
train\banyan\download (2).jpeg,banyan
train\banyan\download (3).jpeg,banyan
train\banyan\download (4).jpeg,banyan
train\banyan\download (5).jpeg,banyan
train\banyan\download (6).jpeg,banyan
train\banyan\download (7).jpeg,banyan
train\banyan\download (8).jpeg,banyan
train\banyan\download (9).jpeg,banyan
train\banyan\download.jpeg,banyan
train\banyan\images (1).jpeg,banyan
train\banyan\images (10).jpeg,banyan
train\banyan\images (11).jpeg,banyan
train\banyan\images (12).jpeg,banyan
train\banyan\images (13).jpeg,banyan
train\banyan\images (14).jpeg,banyan
train\banyan\images (15).jpeg,banyan
train\banyan\images (16).jpeg,banyan
train\banyan\images (17).jpeg,banyan
train\banyan\images (18).jpeg,banyan
train\banyan\images (19).jpeg,banyan
train\banyan\images (2).jpeg,banyan
train\banyan\images (20).jpeg,banyan
train\banyan\images (21).jpeg,banyan
train\banyan\images (22).jpeg,banyan
train\banyan\images (23).jpeg,banyan
train\banyan\images (24).jpeg,banyan
train\banyan\images (25).jpeg,banyan
train\banyan\images (26).jpeg,banyan
train\banyan\images (27).jpeg,banyan
train\banyan\images (28).jpeg,banyan
train\banyan\images (29).jpeg,banyan
train\banyan\images (3).jpeg,banyan
train\banyan\images (30).jpeg,banyan
train\banyan\images (31).jpeg,banyan
train\banyan\images (32).jpeg,banyan
train\banyan\images (4).jpeg,banyan
train\banyan\images (5).jpeg,banyan
train\banyan\images (6).jpeg,banyan
train\banyan\images (7).jpeg,banyan
train\banyan\images (8).jpeg,banyan
train\banyan\images (9).jpeg,banyan
train\banyan\images.jpeg,banyan
train\bili\download (1).jpeg,bili
train\bili\download (2).jpeg,bili
train\bili\download (3).jpeg,bili
train\bili\download (4).jpeg,bili
train\bili\download (5).jpeg,bili
train\bili\download (7).jpeg,bili
train\bili\download (9).jpeg,bili
train\bili\download.jpeg,bili
train\bili\download1.jpeg,bili
train\bili\images (1).jpeg,bili
train\bili\images (10).jpeg,bili
train\bili\images (11).jpeg,bili
train\bili\images (12).jpeg,bili
train\bili\images (13).jpeg,bili
train\bili\images (14).jpeg,bili
train\bili\images (15).jpeg,bili
train\bili\images (16).jpeg,bili
train\bili\images (17).jpeg,bili
train\bili\images (18).jpeg,bili
train\bili\images (19).jpeg,bili
train\bili\images (2).jpeg,bili
train\bili\images (20).jpeg,bili
train\bili\images (21).jpeg,bili
train\bili\images (22).jpeg,bili
train\bili\images (23).jpeg,bili
train\bili\images (24).jpeg,bili
train\bili\images (25).jpeg,bili
train\bili\images (26).jpeg,bili
train\bili\images (28).jpeg,bili
train\bili\images (3).jpeg,bili
train\bili\images (30).jpeg,bili
train\bili\images (31).jpeg,bili
train\bili\images (32).jpeg,bili
train\bili\images (34).jpeg,bili
train\bili\images (35).jpeg,bili
train\bili\images (36).jpeg,bili
train\bili\images (37).jpeg,bili
train\bili\images (5).jpeg,bili
train\bili\images (6).jpeg,bili
train\bili\images (7).jpeg,bili
train\bili\images (8).jpeg,bili
train\bili\images (9).jpeg,bili
train\bili\images.jpeg,bili
train\bili\t77-1448877.jpg,bili
train\cactus\download (1).jpeg,cactus
train\cactus\download (10).jpeg,cactus
train\cactus\download (11).jpeg,cactus
train\cactus\download (12).jpeg,cactus
train\cactus\download (13).jpeg,cactus
train\cactus\download (14).jpeg,cactus
train\cactus\download (2).jpeg,cactus
train\cactus\download (3).jpeg,cactus
train\cactus\download (4).jpeg,cactus
train\cactus\download (5).jpeg,cactus
train\cactus\download (6).jpeg,cactus
train\cactus\download (7).jpeg,cactus
train\cactus\download (8).jpeg,cactus
train\cactus\download (9).jpeg,cactus
train\cactus\download.jpeg,cactus
train\cactus\images (1).jpeg,cactus
train\cactus\images (10).jpeg,cactus
train\cactus\images (11).jpeg,cactus
train\cactus\images (12).jpeg,cactus
train\cactus\images (13).jpeg,cactus
train\cactus\images (14).jpeg,cactus
train\cactus\images (15).jpeg,cactus
train\cactus\images (16).jpeg,cactus
train\cactus\images (17).jpeg,cactus
train\cactus\images (18).jpeg,cactus
train\cactus\images (19).jpeg,cactus
train\cactus\images (2).jpeg,cactus
train\cactus\images (20).jpeg,cactus
train\cactus\images (21).jpeg,cactus
train\cactus\images (22).jpeg,cactus
train\cactus\images (23).jpeg,cactus
train\cactus\images (24).jpeg,cactus
train\cactus\images (25).jpeg,cactus
train\cactus\images (26).jpeg,cactus
train\cactus\images (27).jpeg,cactus
train\cactus\images (28).jpeg,cactus
train\cactus\images (29).jpeg,cactus
train\cactus\images (3).jpeg,cactus
train\cactus\images (30).jpeg,cactus
train\cactus\images (31).jpeg,cactus
train\cactus\images (32).jpeg,cactus
train\cactus\images (33).jpeg,cactus
train\cactus\images (34).jpeg,cactus
train\cactus\images (4).jpeg,cactus
train\cactus\images (5).jpeg,cactus
train\cactus\images (6).jpeg,cactus
train\cactus\images (7).jpeg,cactus
train\cactus\images (8).jpeg,cactus
train\cactus\images (9).jpeg,cactus
train\cactus\images.jpeg,cactus
train\champa\download (1).jpeg,champa
train\champa\download (1).jpg,champa
train\champa\download (10).jpg,champa
train\champa\download (2).jpg,champa
train\champa\download (3).jpg,champa
train\champa\download (4).jpg,champa
train\champa\download (5).jpg,champa
train\champa\download (6).jpg,champa
train\champa\download (7).jpg,champa
train\champa\download (8).jpg,champa
train\champa\download (9).jpg,champa
train\champa\download.jpeg,champa
train\champa\download.jpg,champa
train\champa\images (1).jpeg,champa
train\champa\images (1).jpg,champa
train\champa\images (10).jpg,champa
train\champa\images (11).jpg,champa
train\champa\images (12).jpg,champa
train\champa\images (13).jpg,champa
train\champa\images (14).jpg,champa
train\champa\images (15).jpg,champa
train\champa\images (16).jpg,champa
train\champa\images (17).jpg,champa
train\champa\images (18).jpg,champa
train\champa\images (19).jpg,champa
train\champa\images (2).jpg,champa
train\champa\images (20).jpg,champa
train\champa\images (21).jpg,champa
train\champa\images (23).jpg,champa
train\champa\images (24).jpg,champa
train\champa\images (25).jpg,champa
train\champa\images (26).jpg,champa
train\champa\images (27).jpg,champa
train\champa\images (29).jpg,champa
train\champa\images (3).jpg,champa
train\champa\images (31).jpg,champa
train\champa\images (32).jpg,champa
train\champa\images (34).jpg,champa
train\champa\images (4).jpg,champa
train\champa\images (5).jpg,champa
train\champa\images (6).jpg,champa
train\champa\images (7).jpg,champa
train\champa\images (8).jpg,champa
train\champa\images (9).jpg,champa
train\champa\images.jpeg,champa
train\champa\images.jpg,champa
train\coconut\640px-Singapore_coconut.jpg,coconut
train\coconut\download (1).jpg,coconut
train\coconut\download (2).jpg,coconut
train\coconut\download (4).jpg,coconut
train\coconut\download (5).jpg,coconut
train\coconut\download (6).jpg,coconut
train\coconut\download (7).jpg,coconut
train\coconut\download.jpg,coconut
train\coconut\images (1).jpg,coconut
train\coconut\images (10).jpg,coconut
train\coconut\images (11).jpg,coconut
train\coconut\images (12).jpg,coconut
train\coconut\images (13).jpg,coconut
train\coconut\images (14).jpg,coconut
train\coconut\images (15).jpg,coconut
train\coconut\images (16).jpg,coconut
train\coconut\images (17).jpg,coconut
train\coconut\images (18).jpg,coconut
train\coconut\images (19).jpg,coconut
train\coconut\images (2).jpg,coconut
train\coconut\images (20).jpg,coconut
train\coconut\images (21).jpg,coconut
train\coconut\images (22).jpg,coconut
train\coconut\images (23).jpg,coconut
train\coconut\images (24).jpg,coconut
train\coconut\images (25).jpg,coconut
train\coconut\images (26).jpg,coconut
train\coconut\images (27).jpg,coconut
train\coconut\images (28).jpg,coconut
train\coconut\images (29).jpg,coconut
train\coconut\images (3).jpg,coconut
train\coconut\images (30).jpg,coconut
train\coconut\images (31).jpg,coconut
train\coconut\images (32).jpg,coconut
train\coconut\images (33).jpg,coconut
train\coconut\images (34).jpg,coconut
train\coconut\images (35).jpg,coconut
train\coconut\images (36).jpg,coconut
train\coconut\images (37).jpg,coconut
train\coconut\images (38).jpg,coconut
train\coconut\images (39).jpg,coconut
train\coconut\images (4).jpg,coconut
train\coconut\images (40).jpg,coconut
train\coconut\images (5).jpg,coconut
train\coconut\images (6).jpg,coconut
train\coconut\images (7).jpg,coconut
train\coconut\images (8).jpg,coconut
train\coconut\images (9).jpg,coconut
train\coconut\images.jpg,coconut
train\garmalo\download (1).jpeg,garmalo
train\garmalo\download (12).jpeg,garmalo
train\garmalo\download (5).jpeg,garmalo
train\garmalo\download (6).jpeg,garmalo
train\garmalo\download (8).jpeg,garmalo
train\garmalo\image1.jpg,garmalo
train\garmalo\image10.jpg,garmalo
train\garmalo\image12.jpg,garmalo
train\garmalo\image13.jpg,garmalo
train\garmalo\image14.jpg,garmalo
train\garmalo\image15.jpg,garmalo
train\garmalo\image16.jpg,garmalo
train\garmalo\image17.jpg,garmalo
train\garmalo\image18.jpg,garmalo
train\garmalo\image2.jpg,garmalo
train\garmalo\image20.jpg,garmalo
train\garmalo\image21.jpg,garmalo
train\garmalo\image22.jpg,garmalo
train\garmalo\image23.jpg,garmalo
train\garmalo\image24.jpg,garmalo
train\garmalo\image25.jpg,garmalo
train\garmalo\image26.jpg,garmalo
train\garmalo\image27.jpg,garmalo
train\garmalo\image28.jpg,garmalo
train\garmalo\image29.jpg,garmalo
train\garmalo\image3.jpg,garmalo
train\garmalo\image30.jpg,garmalo
train\garmalo\image31.jpg,garmalo
train\garmalo\image32.jpg,garmalo
train\garmalo\image33.jpg,garmalo
train\garmalo\image35.jpg,garmalo
train\garmalo\image36.jpg,garmalo
train\garmalo\image37.jpg,garmalo
train\garmalo\image38.jpg,garmalo
train\garmalo\image39.jpg,garmalo
train\garmalo\image4.jpg,garmalo
train\garmalo\image40.jpg,garmalo
train\garmalo\image41.jpg,garmalo
train\garmalo\image42.jpg,garmalo
train\garmalo\image43.jpg,garmalo
train\garmalo\image44.jpg,garmalo
train\garmalo\image45.jpg,garmalo
train\garmalo\image5.jpg,garmalo
train\garmalo\image6.jpg,garmalo
train\garmalo\image7.jpg,garmalo
train\garmalo\image8.jpg,garmalo
train\gulmohor\download (1).jpeg,gulmohor
train\gulmohor\download (2).jpeg,gulmohor
train\gulmohor\download (3).jpeg,gulmohor
train\gulmohor\download (4).jpeg,gulmohor
train\gulmohor\download (5).jpeg,gulmohor
train\gulmohor\download (8).jpeg,gulmohor
train\gulmohor\download1.jpeg,gulmohor
train\gulmohor\images (1).jpeg,gulmohor
train\gulmohor\images (10).jpeg,gulmohor
train\gulmohor\images (11).jpeg,gulmohor
train\gulmohor\images (12).jpeg,gulmohor
train\gulmohor\images (13).jpeg,gulmohor
train\gulmohor\images (15).jpeg,gulmohor
train\gulmohor\images (16).jpeg,gulmohor
train\gulmohor\images (17).jpeg,gulmohor
train\gulmohor\images (18).jpeg,gulmohor
train\gulmohor\images (19).jpeg,gulmohor
train\gulmohor\images (2).jpeg,gulmohor
train\gulmohor\images (20).jpeg,gulmohor
train\gulmohor\images (21).jpeg,gulmohor
train\gulmohor\images (22).jpeg,gulmohor
train\gulmohor\images (23).jpeg,gulmohor
train\gulmohor\images (26).jpeg,gulmohor
train\gulmohor\images (27).jpeg,gulmohor
train\gulmohor\images (29).jpeg,gulmohor
train\gulmohor\images (30).jpeg,gulmohor
train\gulmohor\images (31).jpeg,gulmohor
train\gulmohor\images (32).jpeg,gulmohor
train\gulmohor\images (33).jpeg,gulmohor
train\gulmohor\images (34).jpeg,gulmohor
train\gulmohor\images (35).jpeg,gulmohor
train\gulmohor\images (36).jpeg,gulmohor
train\gulmohor\images (37).jpeg,gulmohor
train\gulmohor\images (38).jpeg,gulmohor
train\gulmohor\images (39).jpeg,gulmohor
train\gulmohor\images (4).jpeg,gulmohor
train\gulmohor\images (5).jpeg,gulmohor
train\gulmohor\images (6).jpeg,gulmohor
train\gulmohor\images (7).jpeg,gulmohor
train\gulmohor\images (8).jpeg,gulmohor
train\gulmohor\images (9).jpeg,gulmohor
train\gulmohor\images.jpeg,gulmohor
train\gulmohor\KPPCONT_036133_fullsize.jpg,gulmohor
train\gunda\download (1).jpeg,gunda
train\gunda\download (1).jpg,gunda
train\gunda\download (10).jpeg,gunda
train\gunda\download (11).jpeg,gunda
train\gunda\download (12).jpeg,gunda
train\gunda\download (13).jpeg,gunda
train\gunda\download (14).jpeg,gunda
train\gunda\download (2).jpeg,gunda
train\gunda\download (2).jpg,gunda
train\gunda\download (3).jpeg,gunda
train\gunda\download (3).jpg,gunda
train\gunda\download (4).jpeg,gunda
train\gunda\download (4).jpg,gunda
train\gunda\download (5).jpeg,gunda
train\gunda\download (6).jpeg,gunda
train\gunda\download (7).jpeg,gunda
train\gunda\download (8).jpeg,gunda
train\gunda\download (8).jpg,gunda
train\gunda\download (9).jpeg,gunda
train\gunda\download.jpeg,gunda
train\gunda\download.jpg,gunda
train\gunda\image.jpeg,gunda
train\gunda\images (1).jpeg,gunda
train\gunda\images (1).jpg,gunda
train\gunda\images (10).jpg,gunda
train\gunda\images (11).jpg,gunda
train\gunda\images (12).jpg,gunda
train\gunda\images (13).jpg,gunda
train\gunda\images (14).jpg,gunda
train\gunda\images (15).jpg,gunda
train\gunda\images (16).jpg,gunda
train\gunda\images (17).jpg,gunda
train\gunda\images (18).jpg,gunda
train\gunda\images (2).jpeg,gunda
train\gunda\images (2).jpg,gunda
train\gunda\images (3).jpeg,gunda
train\gunda\images (3).jpg,gunda
train\gunda\images (4).jpeg,gunda
train\gunda\images (4).jpg,gunda
train\gunda\images (5).jpeg,gunda
train\gunda\images (5).jpg,gunda
train\gunda\images (6).jpeg,gunda
train\gunda\images (6).jpg,gunda
train\gunda\images (7).jpeg,gunda
train\gunda\images (7).jpg,gunda
train\gunda\images (8).jpeg,gunda
train\gunda\images (8).jpg,gunda
train\gunda\images.jpeg,gunda
train\gunda\images.jpg,gunda
train\jamun\download (1).jpeg,jamun
train\jamun\download (15).jpeg,jamun
train\jamun\download (2).jpeg,jamun
train\jamun\download (3).jpeg,jamun
train\jamun\download.jpeg,jamun
train\jamun\download.jpg,jamun
train\jamun\images (1).jpeg,jamun
train\jamun\images (1).jpg,jamun
train\jamun\images (10).jpeg,jamun
train\jamun\images (10).jpg,jamun
train\jamun\images (11).jpeg,jamun
train\jamun\images (11).jpg,jamun
train\jamun\images (12).jpeg,jamun
train\jamun\images (12).jpg,jamun
train\jamun\images (13).jpeg,jamun
train\jamun\images (13).jpg,jamun
train\jamun\images (14).jpeg,jamun
train\jamun\images (14).jpg,jamun
train\jamun\images (15).jpeg,jamun
train\jamun\images (15).jpg,jamun
train\jamun\images (16).jpeg,jamun
train\jamun\images (16).jpg,jamun
train\jamun\images (17).jpeg,jamun
train\jamun\images (17).jpg,jamun
train\jamun\images (18).jpg,jamun
train\jamun\images (19).jpg,jamun
train\jamun\images (2).jpeg,jamun
train\jamun\images (2).jpg,jamun
train\jamun\images (21).jpg,jamun
train\jamun\images (22).jpg,jamun
train\jamun\images (23).jpg,jamun
train\jamun\images (3).jpeg,jamun
train\jamun\images (3).jpg,jamun
train\jamun\images (4).jpeg,jamun
train\jamun\images (4).jpg,jamun
train\jamun\images (5).jpeg,jamun
train\jamun\images (5).jpg,jamun
train\jamun\images (6).jpeg,jamun
train\jamun\images (6).jpg,jamun
train\jamun\images (7).jpeg,jamun
train\jamun\images (7).jpg,jamun
train\jamun\images (8).jpeg,jamun
train\jamun\images (8).jpg,jamun
train\jamun\images (9).jpeg,jamun
train\jamun\images.jpeg,jamun
train\jamun\images.jpg,jamun
train\jamun\sample.jpeg,jamun
train\kanchan\240_F_235932230_yMeilkCzd2NuHwo27O0AG6W2tcqFv5bj.jpg,kanchan
train\kanchan\240_F_250674172_ysq8C3eTjwqG004T1qzevvKTBosbBgOz.jpg,kanchan
train\kanchan\240_F_368610928_11QZ7ce2hT0kzE0lLWlP577btSyBsOPk.jpg,kanchan
train\kanchan\240_F_407147957_y0cA01MFDpCX9CPzKK22w0f32IgiUGfJ.jpg,kanchan
train\kanchan\240_F_511541994_9nnGHOBA2rY8BhIFGlb5hM4LLb8jZfMm.jpg,kanchan
train\kanchan\240_F_572498418_NlT2gk9wl74w5hLcuj6VNdhY8qEjkPwW.jpg,kanchan
train\kanchan\240_F_708846869_QFBH1gbUMqMnC5E8xfNY9khJIaw8vA0u.jpg,kanchan
train\kanchan\240_F_711267494_xjFdasxwkZUEKl2687kAi0fozTb7JzT2.jpg,kanchan
train\kanchan\240_F_728700009_ykW4kiiJyYuiqem147uVjoNr4CAKsOdG.jpg,kanchan
train\kanchan\240_F_794850235_lo8VCoXhsVZQjj6xZOw0RruSgiTIsBe4.jpg,kanchan
train\kanchan\240_F_815640135_Cv31bAD7NT8dwVRbsNBiFWEgxgNxpmBt.jpg,kanchan
train\kanchan\download (1).jpeg,kanchan
train\kanchan\download (1).jpg,kanchan
train\kanchan\download (2).jpeg,kanchan
train\kanchan\download (2).jpg,kanchan
train\kanchan\download (3).jpg,kanchan
train\kanchan\download (4).jpg,kanchan
train\kanchan\download (5).jpg,kanchan
train\kanchan\download (6).jpg,kanchan
train\kanchan\download (7).jpeg,kanchan
train\kanchan\download.jpeg,kanchan
train\kanchan\images (1).jpg,kanchan
train\kanchan\images (10).jpg,kanchan
train\kanchan\images (12).jpg,kanchan
train\kanchan\images (13).jpg,kanchan
train\kanchan\images (14).jpg,kanchan
train\kanchan\images (15).jpg,kanchan
train\kanchan\images (16).jpg,kanchan
train\kanchan\images (17).jpg,kanchan
train\kanchan\images (18).jpg,kanchan
train\kanchan\images (19).jpg,kanchan
train\kanchan\images (2).jpg,kanchan
train\kanchan\images (20).jpg,kanchan
train\kanchan\images (21).jpg,kanchan
train\kanchan\images (22).jpg,kanchan
train\kanchan\images (23).jpg,kanchan
train\kanchan\images (24).jpg,kanchan
train\kanchan\images (25).jpg,kanchan
train\kanchan\images (26).jpg,kanchan
train\kanchan\images (4).jpg,kanchan
train\kanchan\images (5).jpg,kanchan
train\kanchan\images (6).jpg,kanchan
train\kanchan\images (7).jpg,kanchan
train\kanchan\images (8).jpg,kanchan
train\kanchan\images (9).jpg,kanchan
train\kanchan\images.jpeg,kanchan
train\kanchan\images.jpg,kanchan
train\kesudo\download (1).jpeg,kesudo
train\kesudo\download (2).jpeg,kesudo
train\kesudo\download (5).jpeg,kesudo
train\kesudo\download.jpeg,kesudo
train\kesudo\images (1).jpeg,kesudo
train\kesudo\images (10).jpeg,kesudo
train\kesudo\images (11).jpeg,kesudo
train\kesudo\images (12).jpeg,kesudo
train\kesudo\images (13).jpeg,kesudo
train\kesudo\images (14).jpeg,kesudo
train\kesudo\images (15).jpeg,kesudo
train\kesudo\images (16).jpeg,kesudo
train\kesudo\images (17).jpeg,kesudo
train\kesudo\images (18).jpeg,kesudo
train\kesudo\images (19).jpeg,kesudo
train\kesudo\images (2).jpeg,kesudo
train\kesudo\images (21).jpeg,kesudo
train\kesudo\images (22).jpeg,kesudo
train\kesudo\images (23).jpeg,kesudo
train\kesudo\images (24).jpeg,kesudo
train\kesudo\images (26).jpeg,kesudo
train\kesudo\images (27).jpeg,kesudo
train\kesudo\images (28).jpeg,kesudo
train\kesudo\images (29).jpeg,kesudo
train\kesudo\images (3).jpeg,kesudo
train\kesudo\images (30).jpeg,kesudo
train\kesudo\images (31).jpeg,kesudo
train\kesudo\images (34).jpeg,kesudo
train\kesudo\images (35).jpeg,kesudo
train\kesudo\images (37).jpeg,kesudo
train\kesudo\images (38).jpeg,kesudo
train\kesudo\images (39).jpeg,kesudo
train\kesudo\images (40).jpeg,kesudo
train\kesudo\images (42).jpeg,kesudo
train\kesudo\images (44).jpeg,kesudo
train\kesudo\images (45).jpeg,kesudo
train\kesudo\images (5).jpeg,kesudo
train\kesudo\images (7).jpeg,kesudo
train\kesudo\images (8).jpeg,kesudo
train\kesudo\images (9).jpeg,kesudo
train\khajur\download (1).jpeg,khajur
train\khajur\download (1).jpg,khajur
train\khajur\download (2).jpeg,khajur
train\khajur\download (2).jpg,khajur
train\khajur\download (3).jpeg,khajur
train\khajur\download (4).jpeg,khajur
train\khajur\download (5).jpeg,khajur
train\khajur\download (6).jpeg,khajur
train\khajur\download (7).jpeg,khajur
train\khajur\download (8).jpeg,khajur
train\khajur\download.jpeg,khajur
train\khajur\download.jpg,khajur
train\khajur\images (1).jpeg,khajur
train\khajur\images (1).jpg,khajur
train\khajur\images (10).jpeg,khajur
train\khajur\images (10).jpg,khajur
train\khajur\images (11).jpeg,khajur
train\khajur\images (11).jpg,khajur
train\khajur\images (12).jpeg,khajur
train\khajur\images (12).jpg,khajur
train\khajur\images (13).jpeg,khajur
train\khajur\images (13).jpg,khajur
train\khajur\images (14).jpeg,khajur
train\khajur\images (15).jpeg,khajur
train\khajur\images (16).jpeg,khajur
train\khajur\images (17).jpeg,khajur
train\khajur\images (18).jpeg,khajur
train\khajur\images (19).jpeg,khajur
train\khajur\images (2).jpeg,khajur
train\khajur\images (2).jpg,khajur
train\khajur\images (20).jpeg,khajur
train\khajur\images (3).jpeg,khajur
train\khajur\images (3).jpg,khajur
train\khajur\images (4).jpeg,khajur
train\khajur\images (4).jpg,khajur
train\khajur\images (5).jpeg,khajur
train\khajur\images (5).jpg,khajur
train\khajur\images (6).jpeg,khajur
train\khajur\images (6).jpg,khajur
train\khajur\images (7).jpeg,khajur
train\khajur\images (7).jpg,khajur
train\khajur\images (8).jpeg,khajur
train\khajur\images (8).jpg,khajur
train\khajur\images (9).jpeg,khajur
train\khajur\images (9).jpg,khajur
train\khajur\images.jpeg,khajur
train\khajur\images.jpg,khajur
train\khajur\istockphoto-1223596732-612x612.jpg,khajur
train\khajur\istockphoto-495882982-612x612.jpg,khajur
train\khajur\khajur-fruit-plant.jpeg,khajur
train\mango\1.jpg,mango
train\mango\10.jpg,mango
train\mango\11.jpg,mango
train\mango\12.jpg,mango
train\mango\13.jpg,mango
train\mango\14.jpg,mango
train\mango\15.jpg,mango
train\mango\16.jpg,mango
train\mango\17.jpg,mango
train\mango\18.jpg,mango
train\mango\19.jpg,mango
train\mango\2.jpg,mango
train\mango\20.jpg,mango
train\mango\21.jpg,mango
train\mango\22.jpg,mango
train\mango\23.jpg,mango
train\mango\24.jpg,mango
train\mango\25.jpg,mango
train\mango\3.jpg,mango
train\mango\4.jpg,mango
train\mango\5.jpg,mango
train\mango\6.jpg,mango
train\mango\7.jpg,mango
train\mango\8.jpg,mango
train\mango\9.jpg,mango
train\mango\download.jpeg,mango
train\mango\image26.jpg,mango
train\mango\image27.jpg,mango
train\mango\image28.jpg,mango
train\mango\image29.jpg,mango
train\mango\image30.jpg,mango
train\mango\image31.jpg,mango
train\mango\image32.jpg,mango
train\mango\image33.jpg,mango
train\mango\image34.jpg,mango
train\mango\image35.jpg,mango
train\mango\image36.jpg,mango
train\mango\image37.jpg,mango
train\mango\image38.jpg,mango
train\mango\image39.jpg,mango
train\mango\image40.jpg,mango
train\mango\image41.jpg,mango
train\mango\image42.jpg,mango
train\mango\image43.jpg,mango
train\mango\image44.jpg,mango
train\mango\image45.jpg,mango
train\mango\image46.jpg,mango
train\mango\image47.jpg,mango
train\mango\image48.jpg,mango
train\mango\image49.jpg,mango
train\motichanoti\download (1).jpeg,motichanoti
train\motichanoti\download (1).jpg,motichanoti
train\motichanoti\download (10).jpg,motichanoti
train\motichanoti\download (11).jpg,motichanoti
train\motichanoti\download (12).jpg,motichanoti
train\motichanoti\download (13).jpg,motichanoti
train\motichanoti\download (2).jpeg,motichanoti
train\motichanoti\download (2).jpg,motichanoti
train\motichanoti\download (3).jpeg,motichanoti
train\motichanoti\download (3).jpg,motichanoti
train\motichanoti\download (4).jpeg,motichanoti
train\motichanoti\download (5).jpg,motichanoti
train\motichanoti\download (6).jpg,motichanoti
train\motichanoti\download (7).jpg,motichanoti
train\motichanoti\download (8).jpg,motichanoti
train\motichanoti\download (9).jpg,motichanoti
train\motichanoti\download.jpeg,motichanoti
train\motichanoti\download.jpg,motichanoti
train\motichanoti\images (1).jpg,motichanoti
train\motichanoti\images (10).jpg,motichanoti
train\motichanoti\images (11).jpg,motichanoti
train\motichanoti\images (12).jpg,motichanoti
train\motichanoti\images (13).jpg,motichanoti
train\motichanoti\images (14).jpg,motichanoti
train\motichanoti\images (15).jpg,motichanoti
train\motichanoti\images (16).jpg,motichanoti
train\motichanoti\images (17).jpg,motichanoti
train\motichanoti\images (18).jpg,motichanoti
train\motichanoti\images (19).jpg,motichanoti
train\motichanoti\images (2).jpg,motichanoti
train\motichanoti\images (20).jpg,motichanoti
train\motichanoti\images (21).jpg,motichanoti
train\motichanoti\images (23).jpg,motichanoti
train\motichanoti\images (25).jpg,motichanoti
train\motichanoti\images (26).jpg,motichanoti
train\motichanoti\images (27).jpg,motichanoti
train\motichanoti\images (28).jpg,motichanoti
train\motichanoti\images (29).jpg,motichanoti
train\motichanoti\images (3).jpg,motichanoti
train\motichanoti\images (4).jpg,motichanoti
train\motichanoti\images (5).jpg,motichanoti
train\motichanoti\images (6).jpg,motichanoti
train\motichanoti\images (7).jpg,motichanoti
train\motichanoti\images (8).jpg,motichanoti
train\motichanoti\images (9).jpg,motichanoti
train\motichanoti\images.jpg,motichanoti
train\neem\image1.jpg,neem
train\neem\image10.jpg,neem
train\neem\image11.jpg,neem
train\neem\image12.jpg,neem
train\neem\image13.jpg,neem
train\neem\image14.jpg,neem
train\neem\image15.jpg,neem
train\neem\image16.jpg,neem
train\neem\image17.jpg,neem
train\neem\image18.jpg,neem
train\neem\image19.jpg,neem
train\neem\image2.jpg,neem
train\neem\image20.jpg,neem
train\neem\image21.jpg,neem
train\neem\image22.jpg,neem
train\neem\image23.jpg,neem
train\neem\image24.jpg,neem
train\neem\image25.jpg,neem
train\neem\image26.jpg,neem
train\neem\image27.jpg,neem
train\neem\image28.jpg,neem
train\neem\image29.jpg,neem
train\neem\image3.jpg,neem
train\neem\image30.jpg,neem
train\neem\image31.jpg,neem
train\neem\image32.jpg,neem
train\neem\image33.jpg,neem
train\neem\image34.jpg,neem
train\neem\image35.jpg,neem
train\neem\image36.jpg,neem
train\neem\image37.jpg,neem
train\neem\image38.jpg,neem
train\neem\image39.jpg,neem
train\neem\image4.jpg,neem
train\neem\image40.jpg,neem
train\neem\image41.jpg,neem
train\neem\image42.jpg,neem
train\neem\image43.jpg,neem
train\neem\image44.jpg,neem
train\neem\image45.jpg,neem
train\neem\image46.jpg,neem
train\neem\image47.jpg,neem
train\neem\image48.jpg,neem
train\neem\image49.jpg,neem
train\neem\image5.jpg,neem
train\neem\image50.jpg,neem
train\neem\image6.jpg,neem
train\neem\image7.jpg,neem
train\neem\image8.jpg,neem
train\neem\image9.jpg,neem
train\nilgiri\download (6).jpeg,nilgiri
train\nilgiri\image1.jpg,nilgiri
train\nilgiri\image10.jpg,nilgiri
train\nilgiri\image11.jpg,nilgiri
train\nilgiri\image12.jpg,nilgiri
train\nilgiri\image13.jpg,nilgiri
train\nilgiri\image14.jpg,nilgiri
train\nilgiri\image15.jpg,nilgiri
train\nilgiri\image16.jpg,nilgiri
train\nilgiri\image17.jpg,nilgiri
train\nilgiri\image18.jpg,nilgiri
train\nilgiri\image19.jpg,nilgiri
train\nilgiri\image2.jpg,nilgiri
train\nilgiri\image20.jpg,nilgiri
train\nilgiri\image21.jpg,nilgiri
train\nilgiri\image22.jpg,nilgiri
train\nilgiri\image23.jpg,nilgiri
train\nilgiri\image24.jpg,nilgiri
train\nilgiri\image25.jpg,nilgiri
train\nilgiri\image26.jpg,nilgiri
train\nilgiri\image27.jpg,nilgiri
train\nilgiri\image29.jpg,nilgiri
train\nilgiri\image3.jpg,nilgiri
train\nilgiri\image30.jpg,nilgiri
train\nilgiri\image31.jpg,nilgiri
train\nilgiri\image32.jpg,nilgiri
train\nilgiri\image33.jpg,nilgiri
train\nilgiri\image34.jpg,nilgiri
train\nilgiri\image35.jpg,nilgiri
train\nilgiri\image36.jpg,nilgiri
train\nilgiri\image37.jpg,nilgiri
train\nilgiri\image39.jpg,nilgiri
train\nilgiri\image40.jpg,nilgiri
train\nilgiri\image42.jpg,nilgiri
train\nilgiri\image43.jpg,nilgiri
train\nilgiri\image44.jpg,nilgiri
train\nilgiri\image45.jpg,nilgiri
train\nilgiri\image46.jpg,nilgiri
train\nilgiri\image47.jpg,nilgiri
train\nilgiri\image48.jpg,nilgiri
train\nilgiri\image6.jpg,nilgiri
train\nilgiri\image7.jpg,nilgiri
train\nilgiri\image8.jpg,nilgiri
train\nilgiri\image9.jpg,nilgiri
train\nilgiri\images.jpeg,nilgiri
train\other\001_fe3347c0.jpg,other
train\other\002_8f8da10e.jpg,other
train\other\003_57612506.jpg,other
train\other\004_f61e7d0c.jpg,other
train\other\005_582c121a.jpg,other
train\other\007_cabbfcbb.jpg,other
train\other\008_d1f87068.jpg,other
train\other\009_fb3e6174.jpg,other
train\other\01ec1c5873.jpg,other
train\other\01_jpg.rf.8d8a2f0f90d5b83893cd252acd832c93.jpg,other
train\other\02d09e872d.jpg,other
train\other\02_jpg.rf.65a084066fc353cd023eb5c953f40efe.jpg,other
train\other\03e7ef7b66.jpg,other
train\other\03_jpg.rf.4532f2db68433995da09f54e215160f3.jpg,other
train\other\04_jpg.rf.c0b83432c4d09c7cbeaac18e14c4a54a.jpg,other
train\other\05_jpg.rf.11a2e7ce391a1e74960099f7923f27f5.jpg,other
train\other\06_jpeg.rf.14bdc2005d8029bbe9f24fad4b6af7ea.jpg,other
train\other\073_2c17626c.jpg,other
train\other\074_ed2be25f.jpg,other
train\other\075_5a5afdfa.jpg,other
train\other\076_caf65a53.jpg,other
train\other\077_0fd24d01.jpg,other
train\other\078_d1d62b6f.jpg,other
train\other\079_cf4c7dee.jpg,other
train\other\07_jpg.rf.8447b11632c1b63ab0e127f16625e0d2.jpg,other
train\other\080_7e43a953.jpg,other
train\other\081_132549cb.jpg,other
train\other\08_jpg.rf.837e69c4e93e62472911c1d18be143a4.jpg,other
train\other\09_jpg.rf.42406b1c067f04bf73349bd75b2e3fa8.jpg,other
train\other\0ab9a556a4.jpg,other
train\other\0b215aeccd.jpg,other
train\other\0b8486e5d0.jpg,other
train\other\0be07dfaaf.jpg,other
train\other\0cb60f7bda.jpg,other
train\other\0cd70ffc10.jpg,other
train\other\0d0682d8d4.jpg,other
train\other\0d09b0e580.jpg,other
train\other\0f0bf3ae3c.jpg,other
train\other\0f4116d486.jpg,other
train\other\0ff068e0ea.jpg,other
train\other\1.jpg,other
train\other\10.jpg,other
train\other\10_jpg.rf.2909dc493f5192456a4d7a2cc8735ce5.jpg,other
train\other\11_jpg.rf.82fc4a4feafb6d675fb342136f9cf1bf.jpg,other
train\other\12.jpg,other
train\other\13.jpg,other
train\other\13_jpg.rf.aa7b6967ac3058c4e3da87e64f9a5143.jpg,other
train\other\14.jpg,other
train\other\14_jpg.rf.3e4fbd917017cceb436ba80692f6512c.jpg,other
train\other\15.jpg,other
train\other\15_jpg.rf.c36d2fabb565667f98a38ca09eda4e16.jpg,other
train\other\16.jpg,other
train\other\16_jpg.rf.fdf743154b9417e401802ccc29c5c274.jpg,other
train\other\17.jpg,other
train\other\17_jpg.rf.1a7dad14f32140828ae5b940024f9d98.jpg,other
train\other\18.jpg,other
train\other\18_jpg.rf.dd32e1abd7df904495008978ddc32583.jpg,other
train\other\19.jpg,other
train\other\1a06465757.jpg,other
train\other\1a77e9cec2.jpg,other
train\other\1a9346fd1e.jpg,other
train\other\1bdb8c52fe.jpg,other
train\other\1d8712cb99.jpg,other
train\other\1fe5414330.jpg,other
train\other\1fee70949c.jpg,other
train\other\20.jpg,other
train\other\21.jpg,other
train\other\22.jpg,other
train\other\23.jpg,other
train\other\25.jpg,other
train\other\26.jpg,other
train\other\28.jpg,other
train\other\2a33a6928b.jpg,other
train\other\2af2913c6f.jpg,other
train\other\2b17bb86c5.jpg,other
train\other\2bcf427424.jpg,other
train\other\2de3a0e8ee.jpg,other
train\other\2ef8173f6c.jpg,other
train\other\2f6cc87911.jpg,other
train\other\2fceab52dd.jpg,other
train\other\3.jpg,other
train\other\31.jpg,other
train\other\32.jpg,other
train\other\34.jpg,other
train\other\37.jpg,other
train\other\3bfa35cec4.jpg,other
train\other\3c92b54e3f.jpg,other
train\other\3d24093319.jpg,other
train\other\3d6f8f8ce3.jpg,other
train\other\3d7b2d49d0.jpg,other
train\other\3d959a621f.jpg,other
train\other\3d9e75b03d.jpg,other
train\other\3ecd59e475.jpg,other
train\other\3eeca5f596.jpg,other
train\other\4.jpg,other
train\other\44.jpg,other
train\other\46.jpg,other
train\other\48.jpg,other
train\other\49.jpg,other
train\other\4a16219bba.jpg,other
train\other\4a9a0676c4.jpg,other
train\other\4aa7021c30.jpg,other
train\other\4b4cdebe22.jpg,other
train\other\4cc4409d6f.jpg,other
train\other\4d60e4ad92.jpg,other
train\other\4dc2cb7ff6.jpg,other
train\other\4e9eeb68f7.jpg,other
train\other\4f9b87e69f.jpg,other
train\other\5.jpg,other
train\other\50.jpg,other
train\other\5c636c5ce0.jpg,other
train\other\5d8b3dfcf6.jpg,other
train\other\7.jpg,other
train\other\8.jpg,other
train\other\Asraf_24_jpg.rf.9487899755918da526e30b26f9d57f24.jpg,other
train\other\Asraf_25_jpg.rf.eed102652be12c83f2afe1578fccd25a.jpg,other
train\other\Asraf_26_jpg.rf.af698ad0b1c0be9c5496b7c68fd5327e.jpg,other
train\other\Asraf_27_jpg.rf.6a62f812aed558317ef9b3277e0915ce.jpg,other
train\other\Asraf_28_jpg.rf.535e26c3a6d36e538d8cca6715587ea0.jpg,other
train\other\Asraf_29_jpg.rf.b33283bce495c818b3048d3e448b7075.jpg,other
train\other\Asraf_30_jpg.rf.289448ea85998aab192bf57a76e1530c.jpg,other
train\other\Asraf_31_jpg.rf.fbdb84401b82bd6bda6048c1357a5178.jpg,other
train\other\Asraf_35_jpg.rf.6248c8db73eb510af63bf64bc324c416.jpg,other
train\other\Asraf_36_jpg.rf.b37d93edc41737d875d08dc29f6c9e94.jpg,other
train\other\Asraf_37_jpg.rf.8aa1b4c0ed6fb4ce67b6c24b6d0b2488.jpg,other
train\other\Asraf_38_jpg.rf.d724b97da28cbc7f2a7c2acd22d864ab.jpg,other
train\other\Asraf_39_jpg.rf.4fadbbdc7e807bd03216ada3b2ce4326.jpg,other
train\other\Asraf_40_jpg.rf.a7440a2b72eea93717f367d5416dfa3e.jpg,other
train\other\Asraf_41_jpg.rf.c53fb9820190f3dc7c3257fe81135968.jpg,other
train\other\Asraf_42_jpg.rf.cecb12935106f270ba178c621a12cd90.jpg,other
train\other\download (1).jpeg,other
train\other\download (2).jpeg,other
train\other\download (3).jpeg,other
train\other\download (4).jpeg,other
train\other\download.jpeg,other
train\other\images (1).jpeg,other
train\other\images.jpeg,other
train\other\Image_1.jpg,other
train\other\Image_19.jpg,other
train\other\Image_2.png,other
train\other\Image_20.jpg,other
train\other\Image_21.jpg,other
train\other\Image_22.jpg,other
train\other\Image_23.jpg,other
train\other\Image_24.jpg,other
train\other\Image_25.jpg,other
train\other\Image_26.jpg,other
train\other\Image_27.jpg,other
train\other\Image_3.jpg,other
train\other\Image_4.jpeg,other
train\pilikaren\download (1).jpg,pilikaren
train\pilikaren\download (10).jpg,pilikaren
train\pilikaren\download (11).jpg,pilikaren
train\pilikaren\download (12).jpg,pilikaren
train\pilikaren\download (13).jpg,pilikaren
train\pilikaren\download (14).jpg,pilikaren
train\pilikaren\download (15).jpg,pilikaren
train\pilikaren\download (16).jpg,pilikaren
train\pilikaren\download (17).jpg,pilikaren
train\pilikaren\download (19).jpg,pilikaren
train\pilikaren\download (3).jpg,pilikaren
train\pilikaren\download (4).jpg,pilikaren
train\pilikaren\download (5).jpg,pilikaren
train\pilikaren\download (6).jpg,pilikaren
train\pilikaren\download (7).jpg,pilikaren
train\pilikaren\download (8).jpg,pilikaren
train\pilikaren\download (9).jpg,pilikaren
train\pilikaren\download.jpg,pilikaren
train\pilikaren\images (1).jpg,pilikaren
train\pilikaren\images (10).jpg,pilikaren
train\pilikaren\images (11).jpg,pilikaren
train\pilikaren\images (12).jpg,pilikaren
train\pilikaren\images (13).jpg,pilikaren
train\pilikaren\images (14).jpg,pilikaren
train\pilikaren\images (15).jpg,pilikaren
train\pilikaren\images (16).jpg,pilikaren
train\pilikaren\images (17).jpg,pilikaren
train\pilikaren\images (18).jpg,pilikaren
train\pilikaren\images (19).jpg,pilikaren
train\pilikaren\images (2).jpg,pilikaren
train\pilikaren\images (20).jpg,pilikaren
train\pilikaren\images (21).jpg,pilikaren
train\pilikaren\images (22).jpg,pilikaren
train\pilikaren\images (23).jpg,pilikaren
train\pilikaren\images (24).jpg,pilikaren
train\pilikaren\images (25).jpg,pilikaren
train\pilikaren\images (26).jpg,pilikaren
train\pilikaren\images (29).jpg,pilikaren
train\pilikaren\images (3).jpg,pilikaren
train\pilikaren\images (4).jpg,pilikaren
train\pilikaren\images (5).jpg,pilikaren
train\pilikaren\images (6).jpg,pilikaren
train\pilikaren\images (7).jpg,pilikaren
train\pilikaren\images (8).jpg,pilikaren
train\pilikaren\images (9).jpg,pilikaren
train\pilikaren\images.jpg,pilikaren
train\pipal\image1.jpg,pipal
train\pipal\image10.jpg,pipal
train\pipal\image11.jpg,pipal
train\pipal\image13.jpg,pipal
train\pipal\image14.jpg,pipal
train\pipal\image15.jpg,pipal
train\pipal\image16.jpg,pipal
train\pipal\image18.jpg,pipal
train\pipal\image19.jpg,pipal
train\pipal\image2.jpg,pipal
train\pipal\image20.jpg,pipal
train\pipal\image21.jpg,pipal
train\pipal\image22.jpg,pipal
train\pipal\image23.jpg,pipal
train\pipal\image24.jpg,pipal
train\pipal\image25.jpg,pipal
train\pipal\image26.jpg,pipal
train\pipal\image27.jpg,pipal
train\pipal\image28.jpg,pipal
train\pipal\image29.jpg,pipal
train\pipal\image3.jpg,pipal
train\pipal\image30.jpg,pipal
train\pipal\image31.jpg,pipal
train\pipal\image32.jpg,pipal
train\pipal\image33.jpg,pipal
train\pipal\image34.jpg,pipal
train\pipal\image35.jpg,pipal
train\pipal\image36.jpg,pipal
train\pipal\image37.jpg,pipal
train\pipal\image38.jpg,pipal
train\pipal\image39.jpg,pipal
train\pipal\image40.jpg,pipal
train\pipal\image41.jpg,pipal
train\pipal\image42.jpg,pipal
train\pipal\image43.jpg,pipal
train\pipal\image44.jpg,pipal
train\pipal\image46.jpg,pipal
train\pipal\image47.jpg,pipal
train\pipal\image48.jpg,pipal
train\pipal\image49.jpg,pipal
train\pipal\image5.jpg,pipal
train\pipal\image50.jpg,pipal
train\pipal\image6.jpg,pipal
train\pipal\image7.jpg,pipal
train\pipal\image8.jpg,pipal
train\pipal\image9.jpg,pipal
train\saptaparni\image1.jpg,saptaparni
train\saptaparni\image10.jpg,saptaparni
train\saptaparni\image11.jpg,saptaparni
train\saptaparni\image12.jpg,saptaparni
train\saptaparni\image13.jpg,saptaparni
train\saptaparni\image14.jpg,saptaparni
train\saptaparni\image15.jpg,saptaparni
train\saptaparni\image16.jpg,saptaparni
train\saptaparni\image17.jpg,saptaparni
train\saptaparni\image18.jpg,saptaparni
train\saptaparni\image19.jpg,saptaparni
train\saptaparni\image2.jpg,saptaparni
train\saptaparni\image20.jpg,saptaparni
train\saptaparni\image21.jpg,saptaparni
train\saptaparni\image22.jpg,saptaparni
train\saptaparni\image23.jpg,saptaparni
train\saptaparni\image24.jpg,saptaparni
train\saptaparni\image25.jpg,saptaparni
train\saptaparni\image26.jpg,saptaparni
train\saptaparni\image27.jpg,saptaparni
train\saptaparni\image28.jpg,saptaparni
train\saptaparni\image29.jpg,saptaparni
train\saptaparni\image3.jpg,saptaparni
train\saptaparni\image30.jpg,saptaparni
train\saptaparni\image31.jpg,saptaparni
train\saptaparni\image32.jpg,saptaparni
train\saptaparni\image33.jpg,saptaparni
train\saptaparni\image34.jpg,saptaparni
train\saptaparni\image35.jpg,saptaparni
train\saptaparni\image36.jpg,saptaparni
train\saptaparni\image37.jpg,saptaparni
train\saptaparni\image38.jpg,saptaparni
train\saptaparni\image39.jpg,saptaparni
train\saptaparni\image4.jpg,saptaparni
train\saptaparni\image40.jpg,saptaparni
train\saptaparni\image41.jpg,saptaparni
train\saptaparni\image42.jpg,saptaparni
train\saptaparni\image43.jpg,saptaparni
train\saptaparni\image44.jpg,saptaparni
train\saptaparni\image45.jpg,saptaparni
train\saptaparni\image46.jpg,saptaparni
train\saptaparni\image47.jpg,saptaparni
train\saptaparni\image48.jpg,saptaparni
train\saptaparni\image49.jpg,saptaparni
train\saptaparni\image5.jpg,saptaparni
train\saptaparni\image50.jpg,saptaparni
train\saptaparni\image7.jpg,saptaparni
train\saptaparni\image8.jpg,saptaparni
train\saptaparni\image9.jpg,saptaparni
"train\shirish\51oVVUvxNEL._AC_UF1000,1000_QL80_.jpg",shirish
train\shirish\download (1).jpeg,shirish
train\shirish\download (2).jpeg,shirish
train\shirish\download (3).jpeg,shirish
train\shirish\download (9).jpeg,shirish
train\shirish\download.jpeg,shirish
train\shirish\images (1).jpeg,shirish
train\shirish\images (10).jpeg,shirish
train\shirish\images (11).jpeg,shirish
train\shirish\images (12).jpeg,shirish
train\shirish\images (13).jpeg,shirish
train\shirish\images (14).jpeg,shirish
train\shirish\images (15).jpeg,shirish
train\shirish\images (16).jpeg,shirish
train\shirish\images (17).jpeg,shirish
train\shirish\images (18).jpeg,shirish
train\shirish\images (19).jpeg,shirish
train\shirish\images (2).jpeg,shirish
train\shirish\images (20).jpeg,shirish
train\shirish\images (21).jpeg,shirish
train\shirish\images (22).jpeg,shirish
train\shirish\images (23).jpeg,shirish
train\shirish\images (24).jpeg,shirish
train\shirish\images (25).jpeg,shirish
train\shirish\images (26).jpeg,shirish
train\shirish\images (28).jpeg,shirish
train\shirish\images (29).jpeg,shirish
train\shirish\images (3).jpeg,shirish
train\shirish\images (30).jpeg,shirish
train\shirish\images (31).jpeg,shirish
train\shirish\images (32).jpeg,shirish
train\shirish\images (33).jpeg,shirish
train\shirish\images (34).jpeg,shirish
train\shirish\images (35).jpeg,shirish
train\shirish\images (37).jpeg,shirish
train\shirish\images (38).jpeg,shirish
train\shirish\images (39).jpeg,shirish
train\shirish\images (4).jpeg,shirish
train\shirish\images (40).jpeg,shirish
train\shirish\images (41).jpeg,shirish
train\shirish\images (42).jpeg,shirish
train\shirish\images (43).jpeg,shirish
train\shirish\images (44).jpeg,shirish
train\shirish\images (5).jpeg,shirish
train\shirish\images (6).jpeg,shirish
train\shirish\images (7).jpeg,shirish
train\shirish\images (8).jpeg,shirish
train\shirish\images (9).jpeg,shirish
train\shirish\images.jpeg,shirish
train\simlo\download (1).jpeg,simlo
train\simlo\download (2).jpeg,simlo
train\simlo\download (3).jpeg,simlo
train\simlo\download (7).jpeg,simlo
train\simlo\download.jpeg,simlo
train\simlo\images (1).jpeg,simlo
train\simlo\images (10).jpeg,simlo
train\simlo\images (11).jpeg,simlo
train\simlo\images (12).jpeg,simlo
train\simlo\images (13).jpeg,simlo
train\simlo\images (14).jpeg,simlo
train\simlo\images (15).jpeg,simlo
train\simlo\images (16).jpeg,simlo
train\simlo\images (17).jpeg,simlo
train\simlo\images (20).jpeg,simlo
train\simlo\images (21).jpeg,simlo
train\simlo\images (22).jpeg,simlo
train\simlo\images (24).jpeg,simlo
train\simlo\images (25).jpeg,simlo
train\simlo\images (26).jpeg,simlo
train\simlo\images (27).jpeg,simlo
train\simlo\images (28).jpeg,simlo
train\simlo\images (3).jpeg,simlo
train\simlo\images (32).jpeg,simlo
train\simlo\images (33).jpeg,simlo
train\simlo\images (34).jpeg,simlo
train\simlo\images (37).jpeg,simlo
train\simlo\images (38).jpeg,simlo
train\simlo\images (4).jpeg,simlo
train\simlo\images (41).jpeg,simlo
train\simlo\images (42).jpeg,simlo
train\simlo\images (43).jpeg,simlo
train\simlo\images (5).jpeg,simlo
train\simlo\images (6).jpeg,simlo
train\simlo\images (7).jpeg,simlo
train\simlo\images (8).jpeg,simlo
train\sitafal\download (1).jpeg,sitafal
train\sitafal\download (2).jpeg,sitafal
train\sitafal\download (3).jpeg,sitafal
train\sitafal\download (4).jpeg,sitafal
train\sitafal\download (5).jpeg,sitafal
train\sitafal\download (7).jpeg,sitafal
train\sitafal\download.jpeg,sitafal
train\sitafal\download1.jpeg,sitafal
train\sitafal\images (1).jpeg,sitafal
train\sitafal\images (10).jpeg,sitafal
train\sitafal\images (11).jpeg,sitafal
train\sitafal\images (12).jpeg,sitafal
train\sitafal\images (13).jpeg,sitafal
train\sitafal\images (14).jpeg,sitafal
train\sitafal\images (15).jpeg,sitafal
train\sitafal\images (16).jpeg,sitafal
train\sitafal\images (17).jpeg,sitafal
train\sitafal\images (18).jpeg,sitafal
train\sitafal\images (19).jpeg,sitafal
train\sitafal\images (20).jpeg,sitafal
train\sitafal\images (21).jpeg,sitafal
train\sitafal\images (22).jpeg,sitafal
train\sitafal\images (23).jpeg,sitafal
train\sitafal\images (24).jpeg,sitafal
train\sitafal\images (25).jpeg,sitafal
train\sitafal\images (26).jpeg,sitafal
train\sitafal\images (27).jpeg,sitafal
train\sitafal\images (28).jpeg,sitafal
train\sitafal\images (29).jpeg,sitafal
train\sitafal\images (30).jpeg,sitafal
train\sitafal\images (31).jpeg,sitafal
train\sitafal\images (32).jpeg,sitafal
train\sitafal\images (33).jpeg,sitafal
train\sitafal\images (34).jpeg,sitafal
train\sitafal\images (35).jpeg,sitafal
train\sitafal\images (36).jpeg,sitafal
train\sitafal\images (37).jpeg,sitafal
train\sitafal\images (38).jpeg,sitafal
train\sitafal\images (39).jpeg,sitafal
train\sitafal\images (4).jpeg,sitafal
train\sitafal\images (40).jpeg,sitafal
train\sitafal\images (41).jpeg,sitafal
train\sitafal\images (6).jpeg,sitafal
train\sitafal\images (8).jpeg,sitafal
train\sitafal\images (9).jpeg,sitafal
train\sitafal\images.jpeg,sitafal
train\sonmahor\download (1).jpeg,sonmahor
train\sonmahor\download (10).jpeg,sonmahor
train\sonmahor\download (11).jpeg,sonmahor
train\sonmahor\download (12).jpeg,sonmahor
train\sonmahor\download (13).jpeg,sonmahor
train\sonmahor\download (14).jpeg,sonmahor
train\sonmahor\download (15).jpeg,sonmahor
train\sonmahor\download (16).jpeg,sonmahor
train\sonmahor\download (17).jpeg,sonmahor
train\sonmahor\download (18).jpeg,sonmahor
train\sonmahor\download (19).jpeg,sonmahor
train\sonmahor\download (2).jpeg,sonmahor
train\sonmahor\download (3).jpeg,sonmahor
train\sonmahor\download (4).jpeg,sonmahor
train\sonmahor\download (5).jpeg,sonmahor
train\sonmahor\download (7).jpeg,sonmahor
train\sonmahor\download (8).jpeg,sonmahor
train\sonmahor\download (9).jpeg,sonmahor
train\sonmahor\download.jpeg,sonmahor
train\sonmahor\images (1).jpeg,sonmahor
train\sonmahor\images (10).jpeg,sonmahor
train\sonmahor\images (11).jpeg,sonmahor
train\sonmahor\images (12).jpeg,sonmahor
train\sonmahor\images (13).jpeg,sonmahor
train\sonmahor\images (14).jpeg,sonmahor
train\sonmahor\images (15).jpeg,sonmahor
train\sonmahor\images (16).jpeg,sonmahor
train\sonmahor\images (17).jpeg,sonmahor
train\sonmahor\images (18).jpeg,sonmahor
train\sonmahor\images (19).jpeg,sonmahor
train\sonmahor\images (2).jpeg,sonmahor
train\sonmahor\images (20).jpeg,sonmahor
train\sonmahor\images (21).jpeg,sonmahor
train\sonmahor\images (22).jpeg,sonmahor
train\sonmahor\images (23).jpeg,sonmahor
train\sonmahor\images (24).jpeg,sonmahor
train\sonmahor\images (25).jpeg,sonmahor
train\sonmahor\images (26).jpeg,sonmahor
train\sonmahor\images (27).jpeg,sonmahor
train\sonmahor\images (28).jpeg,sonmahor
train\sonmahor\images (29).jpeg,sonmahor
train\sonmahor\images (3).jpeg,sonmahor
train\sonmahor\images (4).jpeg,sonmahor
train\sonmahor\images (5).jpeg,sonmahor
train\sonmahor\images (6).jpeg,sonmahor
train\sonmahor\images (7).jpeg,sonmahor
train\sonmahor\images (8).jpeg,sonmahor
train\sonmahor\images (9).jpeg,sonmahor
train\sonmahor\images.jpeg,sonmahor
train\sugarcane\download (1).jpeg,sugarcane
train\sugarcane\download (10).jpeg,sugarcane
train\sugarcane\download (11).jpeg,sugarcane
train\sugarcane\download (12).jpeg,sugarcane
train\sugarcane\download (13).jpeg,sugarcane
train\sugarcane\download (14).jpeg,sugarcane
train\sugarcane\download (15).jpeg,sugarcane
train\sugarcane\download (16).jpeg,sugarcane
train\sugarcane\download (2).jpeg,sugarcane
train\sugarcane\download (3).jpeg,sugarcane
train\sugarcane\download (4).jpeg,sugarcane
train\sugarcane\download (5).jpeg,sugarcane
train\sugarcane\download (6).jpeg,sugarcane
train\sugarcane\download (7).jpeg,sugarcane
train\sugarcane\download (8).jpeg,sugarcane
train\sugarcane\download (9).jpeg,sugarcane
train\sugarcane\download.jpeg,sugarcane
train\sugarcane\images (1).jpeg,sugarcane
train\sugarcane\images (10).jpeg,sugarcane
train\sugarcane\images (11).jpeg,sugarcane
train\sugarcane\images (12).jpeg,sugarcane
train\sugarcane\images (13).jpeg,sugarcane
train\sugarcane\images (14).jpeg,sugarcane
train\sugarcane\images (15).jpeg,sugarcane
train\sugarcane\images (17).jpeg,sugarcane
train\sugarcane\images (18).jpeg,sugarcane
train\sugarcane\images (19).jpeg,sugarcane
train\sugarcane\images (2).jpeg,sugarcane
train\sugarcane\images (20).jpeg,sugarcane
train\sugarcane\images (21).jpeg,sugarcane
train\sugarcane\images (22).jpeg,sugarcane
train\sugarcane\images (23).jpeg,sugarcane
train\sugarcane\images (24).jpeg,sugarcane
train\sugarcane\images (25).jpeg,sugarcane
train\sugarcane\images (26).jpeg,sugarcane
train\sugarcane\images (27).jpeg,sugarcane
train\sugarcane\images (28).jpeg,sugarcane
train\sugarcane\images (29).jpeg,sugarcane
train\sugarcane\images (3).jpeg,sugarcane
train\sugarcane\images (30).jpeg,sugarcane
train\sugarcane\images (31).jpeg,sugarcane
train\sugarcane\images (32).jpeg,sugarcane
train\sugarcane\images (33).jpeg,sugarcane
train\sugarcane\images (35).jpeg,sugarcane
train\sugarcane\images (4).jpeg,sugarcane
train\sugarcane\images (6).jpeg,sugarcane
train\sugarcane\images (7).jpeg,sugarcane
train\sugarcane\images (8).jpeg,sugarcane
train\sugarcane\images (9).jpeg,sugarcane
train\sugarcane\images.jpeg,sugarcane
train\vad\download (1).jpeg,vad
train\vad\download (10).jpeg,vad
train\vad\download (11).jpeg,vad
train\vad\download (12).jpeg,vad
train\vad\download (13).jpeg,vad
train\vad\download (15).jpeg,vad
train\vad\download (2).jpeg,vad
train\vad\download (3).jpeg,vad
train\vad\download (5).jpeg,vad
train\vad\download (6).jpeg,vad
train\vad\download (7).jpeg,vad
train\vad\download (8).jpeg,vad
train\vad\download (9).jpeg,vad
train\vad\download.jpeg,vad
train\vad\images (1).jpeg,vad
train\vad\images (10).jpeg,vad
train\vad\images (11).jpeg,vad
train\vad\images (12).jpeg,vad
train\vad\images (13).jpeg,vad
train\vad\images (14).jpeg,vad
train\vad\images (15).jpeg,vad
train\vad\images (16).jpeg,vad
train\vad\images (17).jpeg,vad
train\vad\images (18).jpeg,vad
train\vad\images (19).jpeg,vad
train\vad\images (2).jpeg,vad
train\vad\images (20).jpeg,vad
train\vad\images (21).jpeg,vad
train\vad\images (22).jpeg,vad
train\vad\images (23).jpeg,vad
train\vad\images (24).jpeg,vad
train\vad\images (25).jpeg,vad
train\vad\images (26).jpeg,vad
train\vad\images (27).jpeg,vad
train\vad\images (28).jpeg,vad
train\vad\images (29).jpeg,vad
train\vad\images (3).jpeg,vad
train\vad\images (30).jpeg,vad
train\vad\images (31).jpeg,vad
train\vad\images (32).jpeg,vad
train\vad\images (33).jpeg,vad
train\vad\images (34).jpeg,vad
train\vad\images (4).jpeg,vad
train\vad\images (5).jpeg,vad
train\vad\images (6).jpeg,vad
train\vad\images (7).jpeg,vad
train\vad\images (8).jpeg,vad
train\vad\images (9).jpeg,vad
train\vad\images.jpeg,vad
